{"cameraMode":{"drawMode":0,"name":"Shaded","section":"Shading Mode"},"sceneLighting":false,"audioPlay":false,"sceneViewState":{"showFog":false,"showMaterialUpdate":false,"showSkybox":false,"showFlares":false,"showImageEffects":false,"showParticleSystems":false},"in2DMode":false,"pivot":{"x":-0.6733353734016419,"y":13.169336318969727,"z":-12.57234001159668},"rotation":{"x":-0.35629114508628847,"y":-0.04846462607383728,"z":0.018508942797780038,"w":-0.932934582233429},"size":-11.283929824829102,"orthographic":false}