{"cameraMode":{"drawMode":0,"name":"Shaded","section":"Shading Mode"},"sceneLighting":false,"audioPlay":false,"sceneViewState":{"showFog":true,"showMaterialUpdate":false,"showSkybox":false,"showFlares":true,"showImageEffects":true,"showParticleSystems":true},"in2DMode":false,"pivot":{"x":-7.940000057220459,"y":1.047197699546814,"z":13.220000267028809},"rotation":{"x":0.03293142840266228,"y":0.9598785638809204,"z":-0.2474605143070221,"w":0.12773902714252473},"size":4.06446647644043,"orthographic":false}