{"cameraMode":{"drawMode":0,"name":"Shaded","section":"Shading Mode"},"sceneLighting":false,"audioPlay":false,"sceneViewState":{"showFog":true,"showMaterialUpdate":false,"showSkybox":false,"showFlares":true,"showImageEffects":true,"showParticleSystems":true},"in2DMode":false,"pivot":{"x":-27.490074157714845,"y":0.7861136794090271,"z":22.61524772644043},"rotation":{"x":-0.03415732830762863,"y":-0.9655411243438721,"z":0.1697200983762741,"w":-0.19431987404823304},"size":5.266515731811523,"orthographic":true}