{"cameraMode":{"drawMode":0,"name":"Shaded","section":"Shading Mode"},"sceneLighting":false,"audioPlay":false,"sceneViewState":{"showFog":true,"showMaterialUpdate":false,"showSkybox":false,"showFlares":true,"showImageEffects":true,"showParticleSystems":true},"in2DMode":false,"pivot":{"x":-34.97792053222656,"y":1.1052402257919312,"z":24.24114227294922},"rotation":{"x":0.14301277697086335,"y":0.8447967171669006,"z":-0.43403080105781557,"w":0.27836060523986819},"size":1.2645370960235596,"orthographic":false}