{"cameraMode":{"drawMode":0,"name":"Shaded","section":"Shading Mode"},"sceneLighting":false,"audioPlay":false,"sceneViewState":{"showFog":true,"showMaterialUpdate":false,"showSkybox":false,"showFlares":true,"showImageEffects":true,"showParticleSystems":true},"in2DMode":false,"pivot":{"x":-33.909996032714847,"y":0.5933184027671814,"z":18.139999389648439},"rotation":{"x":0.12188907712697983,"y":0.8780328035354614,"z":-0.33350464701652529,"w":0.320902556180954},"size":5.1687750816345219,"orthographic":true}