{"cameraMode":{"drawMode":0,"name":"Shaded","section":"Shading Mode"},"sceneLighting":false,"audioPlay":false,"sceneViewState":{"showFog":true,"showMaterialUpdate":false,"showSkybox":false,"showFlares":true,"showImageEffects":true,"showParticleSystems":true},"in2DMode":false,"pivot":{"x":-40.26836013793945,"y":1.6395657062530518,"z":2.4223527908325197},"rotation":{"x":0.11289673298597336,"y":0.8700234293937683,"z":-0.41866129636764529,"w":0.23461361229419709},"size":3.2770843505859377,"orthographic":false}