{"cameraMode":{"drawMode":0,"name":"Shaded","section":"Shading Mode"},"sceneLighting":false,"audioPlay":false,"sceneViewState":{"showFog":true,"showMaterialUpdate":false,"showSkybox":false,"showFlares":true,"showImageEffects":true,"showParticleSystems":true},"in2DMode":false,"pivot":{"x":-20.505958557128908,"y":20.381776809692384,"z":41.827762603759769},"rotation":{"x":0.045459289103746417,"y":-0.9506815671920776,"z":0.16857865452766419,"w":0.25636425614356997},"size":1.6403335332870484,"orthographic":true}