{"cameraMode":{"drawMode":0,"name":"Shaded","section":"Shading Mode"},"sceneLighting":false,"audioPlay":false,"sceneViewState":{"showFog":true,"showMaterialUpdate":false,"showSkybox":false,"showFlares":true,"showImageEffects":true,"showParticleSystems":true},"in2DMode":false,"pivot":{"x":0.0,"y":1.600000023841858,"z":-0.6000000238418579},"rotation":{"x":0.006077326834201813,"y":0.981073796749115,"z":-0.19103094935417176,"w":0.031209781765937806},"size":2.70739483833313,"orthographic":false}