{"cameraMode":{"drawMode":0,"name":"Shaded","section":"Shading Mode"},"sceneLighting":false,"audioPlay":false,"sceneViewState":{"showFog":false,"showMaterialUpdate":false,"showSkybox":false,"showFlares":false,"showImageEffects":false,"showParticleSystems":false},"in2DMode":false,"pivot":{"x":-0.07804751396179199,"y":0.041197776794433597,"z":0.6849455833435059},"rotation":{"x":-0.3510456681251526,"y":-0.1666986644268036,"z":0.0636632964015007,"w":-0.9192009568214417},"size":22.0,"orthographic":false}