{"cameraMode":{"drawMode":0,"name":"Shaded","section":"Shading Mode"},"sceneLighting":false,"audioPlay":false,"sceneViewState":{"showFog":false,"showMaterialUpdate":false,"showSkybox":false,"showFlares":false,"showImageEffects":false,"showParticleSystems":false},"in2DMode":false,"pivot":{"x":521.69140625,"y":386.5150146484375,"z":24.989999771118165},"rotation":{"x":-0.2597931921482086,"y":0.003474490949884057,"z":-0.000934020965360105,"w":-0.9656604528427124},"size":3.892796516418457,"orthographic":false}