{"cameraMode":{"drawMode":0,"name":"Shaded","section":"Shading Mode"},"sceneLighting":false,"audioPlay":false,"sceneViewState":{"showFog":false,"showMaterialUpdate":false,"showSkybox":false,"showFlares":false,"showImageEffects":false,"showParticleSystems":false},"in2DMode":false,"pivot":{"x":2.721963405609131,"y":40.257102966308597,"z":-20.899826049804689},"rotation":{"x":-0.48071184754371645,"y":-0.10941231995820999,"z":0.060600899159908298,"w":-0.8679158687591553},"size":20.88262176513672,"orthographic":false}