{"cameraMode":{"drawMode":0,"name":"Shaded","section":"Shading Mode"},"sceneLighting":false,"audioPlay":false,"sceneViewState":{"showFog":false,"showMaterialUpdate":false,"showSkybox":false,"showFlares":false,"showImageEffects":false,"showParticleSystems":false},"in2DMode":false,"pivot":{"x":15.119999885559082,"y":0.7955726385116577,"z":24.865598678588868},"rotation":{"x":-0.3510456681251526,"y":-0.1666986644268036,"z":0.0636632964015007,"w":-0.9192009568214417},"size":2.4467222690582277,"orthographic":false}