{"cameraMode":{"drawMode":0,"name":"Shaded","section":"Shading Mode"},"sceneLighting":false,"audioPlay":false,"sceneViewState":{"showFog":false,"showMaterialUpdate":false,"showSkybox":false,"showFlares":false,"showImageEffects":false,"showParticleSystems":false},"in2DMode":false,"pivot":{"x":12.48731517791748,"y":0.8993086814880371,"z":24.60374641418457},"rotation":{"x":-0.18707387149333955,"y":0.10644937306642533,"z":-0.020394714549183847,"w":-0.976361095905304},"size":22.017118453979493,"orthographic":false}