{"cameraMode":{"drawMode":0,"name":"Shaded","section":"Shading Mode"},"sceneLighting":false,"audioPlay":false,"sceneViewState":{"showFog":true,"showMaterialUpdate":false,"showSkybox":true,"showFlares":true,"showImageEffects":true,"showParticleSystems":true},"in2DMode":false,"pivot":{"x":23.119998931884767,"y":16.152000427246095,"z":32.87000274658203},"rotation":{"x":-0.05258462578058243,"y":-0.7976255416870117,"z":0.5967357158660889,"w":-0.07028711587190628},"size":22.0,"orthographic":false}