{"cameraMode":{"drawMode":0,"name":"Shaded","section":"Shading Mode"},"sceneLighting":false,"audioPlay":false,"sceneViewState":{"showFog":true,"showMaterialUpdate":false,"showSkybox":false,"showFlares":true,"showImageEffects":true,"showParticleSystems":true},"in2DMode":false,"pivot":{"x":15.119999885559082,"y":0.7955726385116577,"z":24.865598678588868},"rotation":{"x":-0.6326375007629395,"y":-0.07469227910041809,"z":0.061496805399656299,"w":-0.7683824896812439},"size":2.4467222690582277,"orthographic":false}