{"cameraMode":{"drawMode":0,"name":"Shaded","section":"Shading Mode"},"sceneLighting":false,"audioPlay":false,"sceneViewState":{"showFog":true,"showMaterialUpdate":false,"showSkybox":false,"showFlares":true,"showImageEffects":true,"showParticleSystems":true},"in2DMode":false,"pivot":{"x":-0.016032099723815919,"y":0.05447685718536377,"z":0.0},"rotation":{"x":-0.05888129398226738,"y":-0.9411189556121826,"z":0.23511068522930146,"w":-0.23569469153881074},"size":1.514784812927246,"orthographic":false}