{"cameraMode":{"drawMode":0,"name":"Shaded","section":"Shading Mode"},"sceneLighting":false,"audioPlay":false,"sceneViewState":{"showFog":true,"showMaterialUpdate":false,"showSkybox":true,"showFlares":true,"showImageEffects":true,"showParticleSystems":true},"in2DMode":false,"pivot":{"x":-3.562817335128784,"y":2.687828779220581,"z":-70.25279998779297},"rotation":{"x":0.19128841161727906,"y":0.8086650371551514,"z":-0.38824141025543215,"w":0.398434042930603},"size":3.7425336837768556,"orthographic":false}