{"cameraMode":{"drawMode":0,"name":"Shaded","section":"Shading Mode"},"sceneLighting":false,"audioPlay":false,"sceneViewState":{"showFog":true,"showMaterialUpdate":false,"showSkybox":false,"showFlares":true,"showImageEffects":true,"showParticleSystems":true},"in2DMode":false,"pivot":{"x":-55.369998931884769,"y":1.6324187517166138,"z":3.9065680503845217},"rotation":{"x":-0.03415732830762863,"y":-0.9655411243438721,"z":0.1697200983762741,"w":-0.19431987404823304},"size":2.179966926574707,"orthographic":true}